Model,Accuracy,Precision,Recall,F1
BERT (Dev),0.9451666666666667,0.9451614775318432,0.9447509326374012,0.9448449724776724
BERT (Test),0.9425,0.9424341030163752,0.9425000000000001,0.9423999446333244
