Model,Accuracy,Precision,Recall,F1
BERT (Dev),0.949,0.9493799991108129,0.9485600384119393,0.9487800604996134
BERT (Test),0.9486842105263158,0.949105605871111,0.9486842105263158,0.9487137729150591
